{
  "project_info": {
    "project_number": "504126984354",
    "firebase_url": "https://agenda-d1bbb-default-rtdb.firebaseio.com",
    "project_id": "agenda-d1bbb",
    "storage_bucket": "agenda-d1bbb.appspot.com"
  },
  "client": [
    {
      "client_info": {
        "mobilesdk_app_id": "1:504126984354:android:1c74c572fc77f0ccd287fb",
        "android_client_info": {
          "package_name": "cl.ejemplo2.agenda"
        }
      },
      "oauth_client": [
        {
          "client_id": "504126984354-tm92vt7t8n19a3nvhbq8ffg5m9qf96n4.apps.googleusercontent.com",
          "client_type": 3
        }
      ],
      "api_key": [
        {
          "current_key": "AIzaSyA3HDO_U_CCEvhq3-Ygm7jVFpLgEb_V1Cg"
        }
      ],
      "services": {
        "appinvite_service": {
          "other_platform_oauth_client": [
            {
              "client_id": "504126984354-tm92vt7t8n19a3nvhbq8ffg5m9qf96n4.apps.googleusercontent.com",
              "client_type": 3
            }
          ]
        }
      }
    }
  ],
  "configuration_version": "1"
}